"","Estimate","Est.Error","Q2.5","Q97.5"
"mublackint_Intercept",-4.47633771803888,0.0351701728697393,-4.54595469636726,-4.40779134903183
"muhispint_Intercept",-0.488952977407564,0.00613689511181128,-0.500818559398123,-0.477067981588712
"muasiint_Intercept",-4.98882528379986,0.0456586098472632,-5.0791114533415,-4.90118791186421
"muothint_Intercept",-4.17758004044274,0.0302974223982112,-4.23573759123642,-4.11701267073615
"mublackint_FloodStatus",1.48322944680512,0.0576361161896043,1.36962978731037,1.59684984491518
"muhispint_FloodStatus",1.30595174627705,0.0129689939680271,1.27986675060055,1.33201945579617
"muasiint_FloodStatus",0.148545835091051,0.12275663262017,-0.100931948651539,0.381311409930029
"muothint_FloodStatus",1.96455562743944,0.0429424285797275,1.87573103602335,2.04783259350181
