"","Estimate","Est.Error","Q2.5","Q97.5"
"mublackint_Intercept",-3.5513538576723,0.0166633857434471,-3.5840251970285,-3.51889358928415
"muhispint_Intercept",-3.48802487047756,0.0163376411269081,-3.51993317180932,-3.45589068727426
"muasiint_Intercept",-3.74524460710654,0.0183764263592798,-3.7810216962718,-3.70941238019088
"muothint_Intercept",-5.55433891416431,0.0445501167773833,-5.64379801705711,-5.4692612277542
"mublackint_FloodStatus",-0.165405236505294,0.291303184641477,-0.79567626511536,0.36925979319426
"muhispint_FloodStatus",1.56732364152931,0.132721364354929,1.30407648124185,1.82315682166502
"muasiint_FloodStatus",-0.710761964705037,0.42773783729298,-1.58329145837394,0.0304403228893358
"muothint_FloodStatus",0.66246531553677,0.538497268925207,-0.545801036800112,1.62376015638025
