"","Estimate","Est.Error","Q2.5","Q97.5"
"mublackint_Intercept",-2.69067413538912,0.00989893173449841,-2.71068805120827,-2.67135389490351
"muhispint_Intercept",-2.95014727071093,0.0112363747107843,-2.97251791657984,-2.92810715447078
"muasiint_Intercept",-3.23740178196826,0.0128284904786968,-3.2624644860472,-3.21208821530452
"muothint_Intercept",-3.21785497660249,0.0127431733734096,-3.24360391408253,-3.19292426157851
"mublackint_parcelfloodper",0.31536509087579,0.218020457496738,-0.134825999317724,0.723064027223586
"muhispint_parcelfloodper",-0.860790983518289,0.355987108745785,-1.56282706070982,-0.204670210303423
"muasiint_parcelfloodper",-16.0726037582196,1.49437991742888,-19.0189730026565,-13.2688386233516
"muothint_parcelfloodper",-0.937226477601769,0.415360838041381,-1.82299493645429,-0.186300584072897
