"","Estimate","Est.Error","Q2.5","Q97.5"
"mublackint_Intercept",-6.14396753333993,0.242868172289082,-6.65377194480698,-5.69331081344537
"muhispint_Intercept",-3.52492515257389,0.0678922508961659,-3.663553736892,-3.39433529139226
"muasiint_Intercept",-5.18390480531666,0.150410895184876,-5.49404233363593,-4.89284771265431
"muothint_Intercept",-5.7275741469551,0.193398045853277,-6.12341642044822,-5.36831612495219
"mublackint_FloodStatus",2.01422120837568,0.290573656555808,1.44874640548327,2.60998264989784
"muhispint_FloodStatus",0.920364041647447,0.10461818260901,0.711633007243687,1.12409218608274
"muasiint_FloodStatus",0.788362695828992,0.240339536004764,0.297340711359489,1.24295653702644
"muothint_FloodStatus",0.47598311556447,0.344521338511493,-0.235724044747861,1.13400404661644
