"","Estimate","Est.Error","Q2.5","Q97.5"
"mublackint_Intercept",-3.64694780850206,0.0422160173145518,-3.73027015902487,-3.56547609217409
"muhispint_Intercept",-3.95266208762746,0.0488491050782585,-4.0468427493218,-3.85761270927714
"muasiint_Intercept",-5.21094307165079,0.0900429421522336,-5.387433218192,-5.03417829770538
"muothint_Intercept",-4.43002041042915,0.0593173568143484,-4.54704659854838,-4.31601481066076
"mublackint_FloodStatus",-0.175616683495958,0.0680500194643223,-0.309182224225973,-0.0384853588118688
"muhispint_FloodStatus",1.25389519002826,0.0590980388616023,1.13755045126195,1.37400013493907
"muasiint_FloodStatus",0.228020955658029,0.131597408278956,-0.0301970314343015,0.479604357070246
"muothint_FloodStatus",-0.0395001822119762,0.095183192679842,-0.228292015134235,0.144137983357532
