"","Estimate","Est.Error","Q2.5","Q97.5"
"mublackint_Intercept",-5.16146039184659,0.220927881011999,-5.63257350113942,-4.75221796928364
"muhispint_Intercept",-4.22840371071106,0.136106865290032,-4.50476864317819,-3.9729229167152
"muasiint_Intercept",-7.76595744312828,0.784447967953696,-9.56191479486432,-6.51237258084485
"muothint_Intercept",-1.75871945955235,0.0413930154078986,-1.84250904345247,-1.67815693249059
"mublackint_FloodStatus",-0.022401428294774,0.684844816901215,-1.49507192917581,1.15869368275527
"muhispint_FloodStatus",-0.185938772933785,0.460278358291835,-1.2088970187215,0.644202317953023
"muasiint_FloodStatus",-87.370929483509,87.0472891523504,-317.880592887238,-1.11954954196277
"muothint_FloodStatus",-1.08224458255217,0.198598576908864,-1.48407559758288,-0.720888268850996
