"","Estimate","Est.Error","Q2.5","Q97.5"
"mublackint_Intercept",-3.55088895475554,0.0182504324041745,-3.58685336849784,-3.5157581968132
"muhispint_Intercept",-2.93049511748073,0.0130162065168908,-2.95612064571979,-2.90541201844651
"muasiint_Intercept",-3.29599852139581,0.0160867838325352,-3.32817082248167,-3.2635393444154
"muothint_Intercept",-3.30042011107597,0.0157248176934454,-3.33135457014963,-3.26922239366735
"mublackint_parcelfloodper",-2.02025109361961,0.145048671542179,-2.30874931672862,-1.74441317541021
"muhispint_parcelfloodper",0.843753467035256,0.0558911643093607,0.733232912397687,0.953393676012412
"muasiint_parcelfloodper",-2.54155271465559,0.144617087655886,-2.82912058596603,-2.26158834948172
"muothint_parcelfloodper",-1.26973805968508,0.109954986371078,-1.48497390681824,-1.04286871515103
