"","Estimate","Est.Error","Q2.5","Q97.5"
"mublackint_Intercept",-4.01023845089712,0.0518020888207429,-4.11322229773675,-3.90943576480002
"muhispint_Intercept",-3.17575470267552,0.0301254336406459,-3.23435371950493,-3.1155676214715
"muasiint_Intercept",-4.99599244757428,0.07112000394566,-5.1318280216604,-4.85751302496513
"muothint_Intercept",-3.69655790747506,0.0353671551859394,-3.76690614585859,-3.62750439553112
"mublackint_parcelfloodper",-0.396713317146713,0.418308797219518,-1.25697315067741,0.41655824077869
"muhispint_parcelfloodper",2.13796447116443,0.186817678481255,1.76318803083316,2.5014089296085
"muasiint_parcelfloodper",1.99590191102526,0.471947398103675,1.0302995027611,2.87436315599081
"muothint_parcelfloodper",3.94174906330611,0.187680012426178,3.56613685615038,4.30630862519848
