"","Estimate","Est.Error","Q2.5","Q97.5"
"mublackint_Intercept",-2.88383413003052,0.0085441898515547,-2.90084570368608,-2.8670160302369
"muhispint_Intercept",-2.86126442510801,0.0086417520715359,-2.87800155173007,-2.84433893835684
"muasiint_Intercept",-2.84309528775208,0.00895099197015383,-2.86081744236033,-2.82516050080971
"muothint_Intercept",-3.62969075856608,0.0122485960918315,-3.65317300600749,-3.60572002701367
"mublackint_parcelfloodper",-1.54866646488315,0.122078836565462,-1.80121310433005,-1.32372102137976
"muhispint_parcelfloodper",0.134630510719973,0.0908744910910045,-0.0409295539587669,0.313866705576803
"muasiint_parcelfloodper",-6.8278603037666,0.254799785895399,-7.33211065217444,-6.33896827725537
"muothint_parcelfloodper",-0.233194691396569,0.142230432358727,-0.506856419905354,0.0414256210056886
