"","Estimate","Est.Error","Q2.5","Q97.5"
"mublackint_Intercept",-4.10148529976,0.0843333828754366,-4.2743740371503,-3.93801164258175
"muhispint_Intercept",-4.14414197374496,0.0822465944818043,-4.31373087380343,-3.99383386059756
"muasiint_Intercept",-5.91018766060817,0.192120473064267,-6.28953824606122,-5.54617681292998
"muothint_Intercept",-3.92600612128318,0.0725689831946216,-4.06998940472752,-3.78639159543254
"mublackint_parcelfloodper",-6.55465728914429,1.57977351885242,-9.76889641175274,-3.5490823336034
"muhispint_parcelfloodper",-2.33183291116465,1.22466486567037,-4.74879612330741,0.138137497368277
"muasiint_parcelfloodper",-1.83506385688279,2.86829047380731,-7.84545287685198,3.36890501664404
"muothint_parcelfloodper",-3.03886285244928,1.12895951764767,-5.27023883917112,-0.882039282700929
