"","Estimate","Est.Error","Q2.5","Q97.5"
"mublackint_Intercept",-3.95787494805421,0.0143654837317479,-3.98580358428606,-3.93010847808791
"muhispint_Intercept",-4.12011363566296,0.0154985282224542,-4.1502412483534,-4.0901622007866
"muasiint_Intercept",-4.55765033541141,0.0188102728704956,-4.5948524897723,-4.52095775365087
"muothint_Intercept",-5.38886359035031,0.0288610558615816,-5.44673526063422,-5.3334165525725
"mublackint_FloodStatus",-0.399900489316879,0.123177653619348,-0.657824293063925,-0.167187867080184
"muhispint_FloodStatus",-1.25846707817125,0.205882463373415,-1.67869833881769,-0.865079508489737
"muasiint_FloodStatus",0.0965764513895023,0.128386996193282,-0.156420642526666,0.341438543490712
"muothint_FloodStatus",1.03078521525496,0.123210896740577,0.780523785751003,1.26684156650259
