"","Estimate","Est.Error","Q2.5","Q97.5"
"mublackint_Intercept",-1.64644745343001,0.00392510592575955,-1.65400618353122,-1.638872046532
"muhispint_Intercept",-2.55895764137994,0.00584771861007675,-2.57039724259346,-2.54769596520285
"muasiint_Intercept",-2.58341556492011,0.00615292141242748,-2.59521763919471,-2.57136200546008
"muothint_Intercept",-3.026364418098,0.00763736186572042,-3.04114775361234,-3.01134451058432
"mublackint_parcelfloodper",-1.63303551996333,0.0309767101829485,-1.69508277322355,-1.57169869041653
"muhispint_parcelfloodper",-0.285507922712404,0.0296547557441807,-0.341177560469842,-0.228879133053679
"muasiint_parcelfloodper",-1.27557930801553,0.0421138721917199,-1.35855230338988,-1.1944071666586
"muothint_parcelfloodper",-0.412847094966964,0.0377992081024089,-0.486643604493085,-0.341659983175303
