"","Estimate","Est.Error","Q2.5","Q97.5"
"mublackint_Intercept",-6.04341589496999,0.180004657524721,-6.41529960800405,-5.69078190283154
"muhispint_Intercept",-4.65522892999059,0.0938138390552432,-4.84061612434427,-4.47274741462579
"muasiint_Intercept",-7.31274210924704,0.264605013811084,-7.86158156812066,-6.80738312766674
"muothint_Intercept",-4.28533610784986,0.122449563227434,-4.52788561541612,-4.04941993114555
"mublackint_parcelfloodper",2.88016614567356,0.240149112253711,2.41562933186723,3.37225586795806
"muhispint_parcelfloodper",2.71584319128606,0.127941350256771,2.46828267539225,2.96660812367102
"muasiint_parcelfloodper",3.98092223192337,0.337950266503794,3.3518694782335,4.66392283942306
"muothint_parcelfloodper",0.630816162743838,0.186865966292318,0.258599279748109,1.0018474811567
