"","Estimate","Est.Error","Q2.5","Q97.5"
"mublackint_Intercept",-5.16653588280504,0.215946650311886,-5.62128652702992,-4.75506447390451
"muhispint_Intercept",-4.23290606812809,0.136864920979432,-4.51526104962801,-3.96655816252023
"muoth2int_Intercept",-1.75429616025833,0.0426862679024238,-1.83837615031458,-1.6720635042468
"mublackint_FloodStatus",-0.0371609126610295,0.671119594988778,-1.49870581490231,1.06947164253711
"muhispint_FloodStatus",-0.167166890761088,0.438365081667718,-1.09332773281535,0.635517936531516
"muoth2int_FloodStatus",-1.07543500488986,0.203805738678483,-1.47104114849267,-0.693629569688962
