"","Estimate","Est.Error","Q2.5","Q97.5"
"mublackint_Intercept",-3.29691304828857,0.00880132010307362,-3.31462645009685,-3.27993777606481
"muhispint_Intercept",-3.02341796351838,0.00778957207086332,-3.03841254577566,-3.00797175747994
"muasiint_Intercept",-2.34481938548472,0.00575114621833699,-2.3562835446884,-2.33342067041159
"muothint_Intercept",-4.84321019479608,0.0190737325213083,-4.8804565432386,-4.80578100183966
"mublackint_FloodStatus",-1.8844620615963,0.123854163999175,-2.13224987042783,-1.65389358280212
"muhispint_FloodStatus",0.115015853268754,0.0407413499035463,0.0328664318386591,0.194360323485755
"muasiint_FloodStatus",-1.83424295965048,0.076522893213437,-1.98622785108881,-1.68573807103241
"muothint_FloodStatus",-0.612587561886765,0.141354657875621,-0.904902997040764,-0.34012992684349
