"","Estimate","Est.Error","Q2.5","Q97.5"
"mublackint_Intercept",-3.73398147035455,0.0228598989587278,-3.778928606795,-3.68975656814356
"muhispint_Intercept",-0.598103343281271,0.00594842897162985,-0.609624827604639,-0.586475788265025
"muasiint_Intercept",-4.60441299227349,0.0364492480252391,-4.67822744816032,-4.53398281426816
"muothint_Intercept",-3.39023866203333,0.019575663308918,-3.42862243604561,-3.35186043012273
"mublackint_parcelfloodper",1.49491126597533,0.0513640834302613,1.39136169274596,1.59572442882921
"muhispint_parcelfloodper",1.86765342540088,0.0164511974347845,1.83559251271387,1.8997757660237
"muasiint_parcelfloodper",0.658327199916334,0.109331120746541,0.432172644261515,0.877557403618262
"muothint_parcelfloodper",1.96962197917724,0.0391419167119815,1.89455827782804,2.0477223881017
