"","Estimate","Est.Error","Q2.5","Q97.5"
"mublackint_Intercept",-3.35442951949785,0.0358622185724816,-3.42504235964318,-3.28626348534035
"muhispint_Intercept",-1.3946376460051,0.0146438473608765,-1.42422744522079,-1.36662696443646
"muasiint_Intercept",-4.4764133068704,0.0597253824440197,-4.59213997065009,-4.36167120035781
"muothint_Intercept",-3.94572223608218,0.0446775097199325,-4.03273661745883,-3.85962153411678
"mublackint_parcelfloodper",-5.37240091791172,0.502568754254706,-6.38406058843819,-4.43749790024745
"muhispint_parcelfloodper",-3.28471190939836,0.143401926173466,-3.56264753525929,-3.00498191262463
"muasiint_parcelfloodper",-3.53286361712598,0.658472632552349,-4.82921094861736,-2.27010983618426
"muothint_parcelfloodper",-0.589373383378892,0.311396029162712,-1.20535196619608,-0.00520828212819822
