"","Estimate","Est.Error","Q2.5","Q97.5"
"mublackint_Intercept",-6.36871760914195,0.222743753667766,-6.81595494174073,-5.95599915187254
"muhispint_Intercept",-3.16047126692349,0.0465128999674149,-3.24928040506883,-3.0689820291221
"muasiint_Intercept",-6.98344833804147,0.319953263178438,-7.66209278193227,-6.39325923245565
"muothint_Intercept",-5.11680451725584,0.122844611472289,-5.36475559352641,-4.88230167502963
"mublackint_FloodStatus",-0.373776128233391,0.856373747246542,-2.29583884247961,1.05272299269598
"muhispint_FloodStatus",0.421428166835566,0.127524893357995,0.168823103281248,0.667736756051284
"muasiint_FloodStatus",-110.536639775401,114.147187173181,-423.680914126641,-3.66580208893518
"muothint_FloodStatus",0.204944099631345,0.354808299748716,-0.561307384210703,0.859166591616041
