"","Estimate","Est.Error","Q2.5","Q97.5"
"mublackint_Intercept",-6.2651039254503,0.280055858657026,-6.83852852461546,-5.75112903205688
"muhispint_Intercept",-4.14181684877073,0.104177813636186,-4.3539123718831,-3.94626874622609
"muasiint_Intercept",-6.17805264020601,0.281832031217986,-6.76256576251193,-5.66582720605748
"muothint_Intercept",-5.40130504851525,0.192525606825481,-5.80791237676081,-5.04124589509655
"mublackint_FloodStatus",0.16028650272564,0.706141432280887,-1.40677675295628,1.42716617725462
"muhispint_FloodStatus",-0.623412650852287,0.334857381210954,-1.29594239122497,-0.0115711039696138
"muasiint_FloodStatus",-1.39617526256772,1.29060560366047,-4.40274066794918,0.595601932293841
"muothint_FloodStatus",-1.19782513763094,0.825219603313291,-3.06873803226678,0.140864197410093
