"","Estimate","Est.Error","Q2.5","Q97.5"
"mublackint_Intercept",-5.00557621068773,0.0561429034229139,-5.11759147938058,-4.89794907544139
"muhispint_Intercept",-2.66362399770559,0.0187861911539414,-2.70108360553838,-2.62705553951958
"muasiint_Intercept",-4.99245783228961,0.0558662487659252,-5.10154340272506,-4.88350706341555
"muothint_Intercept",-4.62776839903177,0.0468753991561133,-4.72401908067331,-4.53964934420995
"mublackint_FloodStatus",0.497755987924293,0.0953338899927611,0.315100079869685,0.684944717543684
"muhispint_FloodStatus",0.794237141180076,0.0289282572503021,0.737447684377959,0.851207620753801
"muasiint_FloodStatus",0.0372429754013918,0.110737139830925,-0.180636899207922,0.251098612166477
"muothint_FloodStatus",-0.964486399916962,0.142363820562965,-1.25349048310976,-0.694826548101145
