"","Estimate","Est.Error","Q2.5","Q97.5"
"mublackint_Intercept",-7.92231389102137,0.931401651905794,-9.845507782315,-6.23277569836246
"muhispint_Intercept",-2.89172920301456,0.390807831155612,-3.65204145933209,-2.11587361418061
"muoth2int_Intercept",-0.117700820197501,0.149960113569077,-0.407379781003345,0.178307949369756
"mublackint_parcelfloodper",24.6081065020375,7.26194315009662,11.0903184217373,39.4683518115313
"muhispint_parcelfloodper",-8.56252236447476,3.69529718283006,-15.9978452081198,-1.50861897513919
"muoth2int_parcelfloodper",-15.4889336107946,1.45398887710932,-18.380425554003,-12.6944357508594
