"","Estimate","Est.Error","Q2.5","Q97.5"
"mublackint_Intercept",-4.66018142324749,0.0317289841281709,-4.72189641718587,-4.59945392646064
"muhispint_Intercept",-3.34101101360097,0.01655976947602,-3.37459570207776,-3.3094181119585
"muasiint_Intercept",-3.69894250891297,0.020191327813591,-3.73805094964893,-3.65890125279814
"muothint_Intercept",-4.35214410001497,0.0268863644004279,-4.40877829931486,-4.30037065208993
"mublackint_FloodStatus",-1.1205172599487,0.189568206902691,-1.51729621615891,-0.771621922341176
"muhispint_FloodStatus",0.396216943796671,0.0508002067261309,0.291821258633357,0.493040135966877
"muasiint_FloodStatus",-0.918324321483359,0.110027685715441,-1.14803044796821,-0.711258083742579
"muothint_FloodStatus",0.0126793337687345,0.0973413205518035,-0.181184259069942,0.206686313444595
