"","Estimate","Est.Error","Q2.5","Q97.5"
"mublackint_Intercept",-2.73817199397344,0.025366628245202,-2.78675790814634,-2.68761520321784
"muhispint_Intercept",-0.0431703910442036,0.00908482301913899,-0.0610427533901693,-0.0249515234591442
"muasiint_Intercept",-3.55064474173766,0.0379447800907265,-3.62485742287767,-3.47654284983067
"muothint_Intercept",-3.81759051353543,0.0429843620922244,-3.9020740756096,-3.73446640090537
"mublackint_parcelfloodper",7.20723725413294,0.434776614986639,6.35501338858511,8.05953272949303
"muhispint_parcelfloodper",6.2389165465139,0.196367278356614,5.85291150358336,6.60969006341112
"muasiint_parcelfloodper",3.53342177988672,0.756146337151664,2.05828537729608,4.98203331537041
"muothint_parcelfloodper",2.62204240812561,0.899860428058555,0.826561761312062,4.31751128111012
