"","Estimate","Est.Error","Q2.5","Q97.5"
"mublackint_Intercept",-2.55030877130065,0.00629724578205999,-2.56286685444759,-2.53811488851599
"muhispint_Intercept",-2.61615596817719,0.00616160550443178,-2.62842091595274,-2.60390716671018
"muasiint_Intercept",-2.03708978421586,0.00493032725718876,-2.04687454702302,-2.02765553256539
"muothint_Intercept",-3.31082666198812,0.00841878023497074,-3.32711817094938,-3.29420204480503
"mublackint_parcelfloodper",-6.83046829305222,0.172282694393893,-7.17435565532884,-6.50841947812934
"muhispint_parcelfloodper",0.0701222527428325,0.0563552842009559,-0.0396816129200257,0.175891467323112
"muasiint_parcelfloodper",-10.0854737045398,0.170195618514139,-10.4198532734395,-9.74567120496987
"muothint_parcelfloodper",-0.966711727118101,0.101556359269283,-1.1665050458059,-0.769230717974603
