"","Estimate","Est.Error","Q2.5","Q97.5"
"mublackint_Intercept",-5.12629694829201,0.142361768113876,-5.41449720673782,-4.85448250158303
"muhispint_Intercept",-3.16815406575928,0.0537974696038217,-3.27673263585891,-3.06512008583274
"muasiint_Intercept",-5.13320655697814,0.142503124921162,-5.42488829973763,-4.85973704396014
"muothint_Intercept",-3.67790544194848,0.0696682278298975,-3.81272333910673,-3.54769088283522
"mublackint_parcelfloodper",1.62190596290099,0.444569207738176,0.759124242788383,2.48540826333659
"muhispint_parcelfloodper",1.23919436071769,0.177209037000594,0.896480474914395,1.59697801113436
"muasiint_parcelfloodper",2.55391613860595,0.411846363850727,1.77911022098922,3.36662598144416
"muothint_parcelfloodper",0.983054768007735,0.225598483814172,0.542040261076948,1.41689338311392
