"","Estimate","Est.Error","Q2.5","Q97.5"
"mublackint_Intercept",-3.81370408926306,0.0378138457926804,-3.88625489857107,-3.73567535949843
"muhispint_Intercept",-0.477657621490503,0.0101856311013943,-0.497409919817706,-0.457543225537409
"muasiint_Intercept",-4.74862055179929,0.0628689059034867,-4.87213803008922,-4.62464568524516
"muothint_Intercept",-3.67257092491773,0.0396123301748624,-3.75299687265098,-3.59474752762806
"mublackint_parcelfloodper",10.7536296106011,0.679923415050114,9.39406348691541,12.06147398037
"muhispint_parcelfloodper",-9.92731723520245,0.307347737836395,-10.5228549317665,-9.30382892626292
"muasiint_parcelfloodper",5.36170007968981,1.31950493833299,2.77333267254028,7.85859985012741
"muothint_parcelfloodper",-1.81084312255834,0.976948340818896,-3.69516905855626,0.0585109574320082
