"","Estimate","Est.Error","Q2.5","Q97.5"
"mublackint_Intercept",-4.54614261283074,0.319885159297404,-5.18637517020403,-3.9179400583599
"muhispint_Intercept",-4.55344937398318,0.124178673672673,-4.80073467851011,-4.31461063269928
"muoth2int_Intercept",-3.03543525411046,0.137854222151258,-3.31416085711,-2.7660855734856
"mublackint_parcelfloodper",-6.39528193139242,3.30031604717782,-13.0442192809025,-0.0298047318939777
"muhispint_parcelfloodper",16.9831788480625,1.03835282159731,14.9790356105917,19.015192889201
"muoth2int_parcelfloodper",-4.26374156872378,1.39241216707356,-7.00475986500346,-1.53229098903081
