"","Estimate","Est.Error","Q2.5","Q97.5"
"mublackint_Intercept",-3.23780915450957,0.017316097109859,-3.27119076187323,-3.2039456255154
"muhispint_Intercept",-1.85024648429142,0.00906892234094825,-1.86773921548123,-1.83201309766295
"muasiint_Intercept",-3.7272414278218,0.0227638186430809,-3.77280337879483,-3.68245733683177
"muothint_Intercept",-3.88804298552354,0.0233294132922455,-3.93370582425632,-3.84228340566654
"mublackint_parcelfloodper",-4.62341427322987,0.369581284836764,-5.35498037393218,-3.91676013625809
"muhispint_parcelfloodper",2.47978896354717,0.119322033942995,2.23718964057384,2.716138482861
"muasiint_parcelfloodper",-7.78032667823249,0.620729920102358,-9.03746767127639,-6.62111276110032
"muothint_parcelfloodper",-0.212403665819883,0.352479004457579,-0.913075475497131,0.462471701991511
