"","Estimate","Est.Error","Q2.5","Q97.5"
"mublackint_Intercept",-4.93171324681638,0.0881817705094381,-5.10338463237679,-4.76128552014997
"muhispint_Intercept",-2.53859803568584,0.0281244067904549,-2.59549801962449,-2.48395317504383
"muasiint_Intercept",-6.13637569177723,0.162720106586733,-6.45232526108032,-5.82800741163601
"muothint_Intercept",-2.42081189836094,0.0257958479471718,-2.47162931295535,-2.37118451282053
"mublackint_FloodStatus",-1.87771097588916,0.548952841846715,-3.12619797856294,-0.929522109899654
"muhispint_FloodStatus",1.5611630494269,0.0437139133685141,1.47753723638962,1.64757367903957
"muasiint_FloodStatus",-1.49766714486873,0.821736478365357,-3.3656856083535,-0.171591362088815
"muothint_FloodStatus",-0.835318150842807,0.0936636105224588,-1.01904461439112,-0.652838391809015
