"","Estimate","Est.Error","Q2.5","Q97.5"
"muasiint_Intercept",-6.98749955329768,0.752965230170763,-8.68869477106366,-5.7084598752631
"muhispint_Intercept",-4.72792209150917,0.260625574215045,-5.27707924323474,-4.24106419852788
"muoth3int_Intercept",-5.32805482706527,0.346339600167898,-6.06536501104502,-4.72814823294366
"muasiint_FloodStatus",0.587020568564974,1.0650621792132,-1.48023575969762,2.76238654069485
"muhispint_FloodStatus",-0.282236748648805,0.478316868041997,-1.24240724853623,0.621771490386737
"muoth3int_FloodStatus",-2.10064441223399,1.35766161774431,-5.1572148149792,-0.0485828750319245
