"","Estimate","Est.Error","Q2.5","Q97.5"
"mublackint_Intercept",-6.52706174747109,0.632078023316925,-7.90835305215384,-5.48689900194153
"muhispint_Intercept",-4.7096550727233,0.247796042958379,-5.21196888868412,-4.25360522104737
"muasiint_Intercept",-6.98143868981293,0.743073269141616,-8.58967553928453,-5.74579921560623
"muothint_Intercept",-5.74420565416398,0.419169194054278,-6.66421474308792,-5.00812823867609
"mublackint_FloodStatus",-34.0333326914997,47.7289653673855,-153.915121105432,-1.18292664131068
"muhispint_FloodStatus",-0.278775106803952,0.450311833244323,-1.19457452208098,0.578431082642602
"muasiint_FloodStatus",0.536988190977364,1.06670977057737,-1.65133815118215,2.63994767950561
"muothint_FloodStatus",-1.64099898953811,1.29499044539089,-4.69904647740259,0.412193967196795
