"","Estimate","Est.Error","Q2.5","Q97.5"
"mublackint_Intercept",-4.34363739846255,0.0890492730989054,-4.52236709162205,-4.1673967319466
"muhispint_Intercept",-3.02670527026071,0.0324907863319355,-3.08977992840815,-2.95994688298801
"muasiint_Intercept",-5.34296086435703,0.164311928373046,-5.66109975960905,-5.02151984546108
"muothint_Intercept",-1.99333777129425,0.0300417412068356,-2.05104193402698,-1.93467467021461
"mublackint_parcelfloodper",-0.828193052215343,0.415482281122852,-1.65126865654883,-0.0475805067320791
"muhispint_parcelfloodper",4.43124620743417,0.0872638881060434,4.25572613468485,4.60998912389114
"muasiint_parcelfloodper",-2.48549527771594,0.92986652942258,-4.47969627969088,-0.75093975129625
"muothint_parcelfloodper",-1.45173560819635,0.155471490606664,-1.75778539617615,-1.1491386943464
