"","Estimate","Est.Error","Q2.5","Q97.5"
"mublackint_Intercept",-3.36266645211608,0.0388542408278146,-3.43791507064686,-3.28777900549986
"muhispint_Intercept",-3.78800585522454,0.0385204116534288,-3.86463193856367,-3.71569898345239
"muasiint_Intercept",-4.56745438928414,0.0654908733549833,-4.69596738971785,-4.44366943743923
"muothint_Intercept",-3.36164230377582,0.035578517054202,-3.4326717182237,-3.29527274189399
"mublackint_parcelfloodper",-0.401052199022065,0.0832445602823141,-0.56553102977406,-0.232919990253046
"muhispint_parcelfloodper",1.82236574087835,0.0559226433879337,1.7125566562099,1.93319080509277
"muasiint_parcelfloodper",0.0408647236942773,0.123533243669845,-0.196142809306458,0.283639163753543
"muothint_parcelfloodper",0.462833291205476,0.0634523590568637,0.342540829278075,0.587004311330421
