"","Estimate","Est.Error","Q2.5","Q97.5"
"mublackint_Intercept",-5.17476984134862,0.0739225277466337,-5.3220185199109,-5.03537276716155
"muhispint_Intercept",-3.49327525326394,0.0328463708737942,-3.55705048477259,-3.42959540398638
"muasiint_Intercept",-5.30703095923826,0.080069750853547,-5.46454292298234,-5.15546438834222
"muothint_Intercept",-4.954930053491,0.0651118932677065,-5.08503783617711,-4.83161252384114
"mublackint_FloodStatus",0.0140526025188562,0.298756028674139,-0.58837060352313,0.564140589903316
"muhispint_FloodStatus",0.103792440094318,0.123605625797883,-0.151111933134569,0.339312131535176
"muasiint_FloodStatus",-1.47157235658746,0.646759656590896,-2.9387766362633,-0.403535631185179
"muothint_FloodStatus",1.33926799028592,0.145490400905904,1.05550946236697,1.62094483213611
