"","Estimate","Est.Error","Q2.5","Q97.5"
"mublackint_Intercept",-5.35208348006079,0.219692845003277,-5.81180267180556,-4.94604239863456
"muhispint_Intercept",-3.3780226832088,0.105259771694269,-3.59080588675922,-3.16642745819559
"muasiint_Intercept",-6.13043445505338,0.339349765081789,-6.8366007269335,-5.49791554224008
"muothint_Intercept",-3.54670036078155,0.117930439117903,-3.7867694305194,-3.32078489945984
"mublackint_parcelfloodper",3.83336988108019,0.84808874545473,2.20189593020729,5.52887129141538
"muhispint_parcelfloodper",-1.0749716939793,0.5181848692715,-2.11362115237226,-0.0810422674637961
"muasiint_parcelfloodper",3.15968508561162,1.31401195047948,0.584041217664573,5.81331228199485
"muothint_parcelfloodper",-1.30692813934399,0.597830541934955,-2.49984738576387,-0.139011614937958
