"","Estimate","Est.Error","Q2.5","Q97.5"
"mublackint_Intercept",-28.8662579219175,34.6177449001729,-109.693468964631,-7.01558512291127
"muhispint_Intercept",-5.46617520466393,0.508500589824223,-6.57980162081443,-4.57819543736123
"muasiint_Intercept",-23.3221017224898,20.5497499350814,-77.2550459958701,-7.10082184090265
"muothint_Intercept",-30.7243471144195,36.1513016251725,-130.072539068735,-7.19248945629153
"mublackint_FloodStatus",-21.0917289006373,63.0985091301399,-199.917545727283,53.4397156182679
"muhispint_FloodStatus",-1.32927971560047,1.47381738150762,-4.93820199473389,0.871237730606018
"muasiint_FloodStatus",19.6614823179528,20.5598975030058,3.39944771079091,73.7555297750145
"muothint_FloodStatus",-14.1365451773185,50.6635344551463,-123.542693531061,73.9966617347741
