"","Estimate","Est.Error","Q2.5","Q97.5"
"mublackint_Intercept",-4.02788436797973,0.0346533144194552,-4.09587609420244,-3.95744821195007
"muhispint_Intercept",-2.33913974519477,0.0155307356802137,-2.37004758073286,-2.30891510200592
"muasiint_Intercept",-4.44334564982846,0.0435272566855333,-4.52687499774223,-4.3558820807105
"muothint_Intercept",-3.50665374602446,0.0275637093388812,-3.56115445465694,-3.45224117126307
"mublackint_parcelfloodper",0.242130362384766,0.0794201987779544,0.090737033647538,0.400093229128588
"muhispint_parcelfloodper",0.686751217580869,0.0318683987047369,0.62473842163517,0.748783781990939
"muasiint_parcelfloodper",-0.0100324060211973,0.106522886272573,-0.215939882147778,0.188933600900054
"muothint_parcelfloodper",-0.388055657835762,0.0753126384752732,-0.535365978238968,-0.242744580890702
