"","Estimate","Est.Error","Q2.5","Q97.5"
"mublackint_Intercept",-4.13129349994463,0.145717981475055,-4.43102017343966,-3.84827363865447
"muhispint_Intercept",-4.0384329876972,0.115799055106954,-4.26591835123938,-3.81765414770866
"muasiint_Intercept",-5.73616583713185,0.330919299952307,-6.39464515497324,-5.11208977648836
"muothint_Intercept",-3.71287113104642,0.0891207139481516,-3.89049041859852,-3.54212477832762
"mublackint_parcelfloodper",-6.32845686447732,2.04962039099289,-10.5226719399238,-2.43501337763839
"muhispint_parcelfloodper",0.24017896824624,1.15199092538992,-2.03034671262186,2.41314874864495
"muasiint_parcelfloodper",-7.74057060623299,4.83032575706807,-18.2896449018853,0.920461442654064
"muothint_parcelfloodper",2.44639952648056,0.827214005787333,0.860439514081358,4.07347340862138
