"","Estimate","Est.Error","Q2.5","Q97.5"
"mublackint_Intercept",-6.37295526134302,0.22801409938217,-6.83169248430288,-5.95926744576178
"muhispint_Intercept",-3.15987743706004,0.0452643658403777,-3.25039961405193,-3.07234363482907
"muoth2int_Intercept",-4.96660691716968,0.11196966030775,-5.19786444802751,-4.74673177754735
"mublackint_FloodStatus",-0.361791899947698,0.855389377119213,-2.26005862129187,1.05702338736056
"muhispint_FloodStatus",0.421049699258885,0.122514518644671,0.180484645200119,0.660113638077315
"muoth2int_FloodStatus",0.0633413259678743,0.342838169073307,-0.628859007213831,0.685345238643314
