"","Estimate","Est.Error","Q2.5","Q97.5"
"mublackint_Intercept",-2.92696441419758,0.0216500673502655,-2.9693167533722,-2.88554110759495
"muhispint_Intercept",-3.14417890687406,0.0253656696942749,-3.19538761390663,-3.09409060424951
"muasiint_Intercept",-3.43189587190789,0.0293071662567707,-3.48877298935546,-3.37651998293187
"muothint_Intercept",-3.52212940386061,0.0299575293208957,-3.5810787062377,-3.46389059995965
"mublackint_parcelfloodper",-36.8979332273389,3.19603255036142,-43.1505418980799,-30.7235063537652
"muhispint_parcelfloodper",-31.6231105269708,3.35477845708707,-38.1794093895594,-25.1932085041366
"muasiint_parcelfloodper",-53.3126619906025,4.82974470406831,-62.9073425112986,-43.7648995471207
"muothint_parcelfloodper",-22.1134189238476,3.66594275548295,-29.4070908709531,-14.9895208787149
