"","Estimate","Est.Error","Q2.5","Q97.5"
"mublackint_Intercept",-4.65835923223798,0.0623082329729127,-4.78166107514275,-4.53631397228842
"muhispint_Intercept",-1.26422792541601,0.0128564554500535,-1.28947328010264,-1.23969285531624
"muasiint_Intercept",-4.89729595722585,0.0722102153469607,-5.04075057392317,-4.76079740116122
"muothint_Intercept",-3.94411732401352,0.0411125750707868,-4.0257539799847,-3.86439092956934
"mublackint_parcelfloodper",-0.621164039519381,0.427813539424624,-1.47089700008029,0.221309891157548
"muhispint_parcelfloodper",-1.79151174690861,0.103286826545863,-1.98987534746414,-1.58773737397655
"muasiint_parcelfloodper",-6.32946565107846,1.01340983234039,-8.34089084547803,-4.47106011664025
"muothint_parcelfloodper",-1.131987732115,0.316930631889815,-1.75908491515521,-0.524928827814499
