"","Estimate","Est.Error","Q2.5","Q97.5"
"mublackint_Intercept",-3.14833234651404,0.0339572188161401,-3.21585353041842,-3.08408805124632
"muhispint_Intercept",0.124246466062771,0.00900765234761143,0.105874538512819,0.141874853961039
"muasiint_Intercept",-3.73791076446553,0.0441644280556202,-3.82372154628893,-3.6496270266832
"muothint_Intercept",-5.87481528922498,0.125420929666971,-6.13311603464216,-5.63973971043079
"mublackint_FloodStatus",1.55268451692944,0.127342470482291,1.3041531471035,1.80783479722113
"muhispint_FloodStatus",-0.342454336700806,0.0718400699306203,-0.483832238491124,-0.203205648183529
"muasiint_FloodStatus",-0.794077034540148,0.484590453494019,-1.83277819923614,0.0540021925153443
"muothint_FloodStatus",0.786370514493017,0.655076239487339,-0.684605733068449,1.91433139378884
