"","Estimate","Est.Error","Q2.5","Q97.5"
"mublackint_Intercept",-2.19241026643811,0.00349570056308525,-2.19941121731196,-2.18517496624523
"muhispint_Intercept",-2.93949526345304,0.00492291830940518,-2.94913796368299,-2.92967552801981
"muasiint_Intercept",-1.58642561277672,0.00265989622718302,-1.59178214450337,-1.58139667004347
"muothint_Intercept",-4.83340984445263,0.01283920948371,-4.85771895990103,-4.80855976994314
"mublackint_FloodStatus",-0.16007696400584,0.0179864126808261,-0.196424963908297,-0.125688539343954
"muhispint_FloodStatus",0.495220577038731,0.0187322192773372,0.459009264570337,0.531955567553284
"muasiint_FloodStatus",-0.752953606390556,0.0177930091040896,-0.788029739410335,-0.717275620849801
"muothint_FloodStatus",0.417117057478847,0.0488481666099676,0.322551517605396,0.512050047206241
