"","Estimate","Est.Error","Q2.5","Q97.5"
"mublackint_Intercept",-4.75376887717857,0.0767289867321976,-4.90653366669234,-4.60598958370191
"muhispint_Intercept",-1.58558042989944,0.0165618753513409,-1.61807020204929,-1.55290209988479
"muasiint_Intercept",-5.01850145145196,0.0884387477318919,-5.19811030271745,-4.84869034182026
"muothint_Intercept",-4.01297033139541,0.052039888900804,-4.11764872429478,-3.9130816837322
"mublackint_parcelfloodper",0.0383043586472099,0.874183342858625,-1.75334252532597,1.6803545594051
"muhispint_parcelfloodper",5.0319620542937,0.125546939980543,4.79113793286761,5.28336068993604
"muasiint_parcelfloodper",-6.41428863820856,2.12349505441579,-11.0782373954614,-2.71143299590456
"muothint_parcelfloodper",1.24053091693114,0.486715969750647,0.258521882501243,2.15527955041138
