"","Estimate","Est.Error","Q2.5","Q97.5"
"mublackint_Intercept",-1.90464576462481,0.00280243107898851,-1.91009774102728,-1.89904746534945
"muhispint_Intercept",-2.5563973614838,0.00372792759508579,-2.56339634249792,-2.54903184436977
"muasiint_Intercept",-1.46270949490336,0.002427435633,-1.46745223703596,-1.45806317570659
"muothint_Intercept",-3.25852993095591,0.00540212823505999,-3.26932684467145,-3.24787657510383
"mublackint_parcelfloodper",-0.288668485801202,0.0198940784384362,-0.327910683958462,-0.250162287781276
"muhispint_parcelfloodper",0.454645137796033,0.0200137641438815,0.41551638987017,0.494010039960753
"muasiint_parcelfloodper",-1.52914214455988,0.0244250128831679,-1.57807724311084,-1.48177213426271
"muothint_parcelfloodper",0.0688645988430622,0.0319721139212027,0.00666311867264791,0.132172934121696
