"","Estimate","Est.Error","Q2.5","Q97.5"
"mublackint_Intercept",-3.25039864746338,0.0143571084620035,-3.27904032657119,-3.22316554592793
"muhispint_Intercept",-3.3517172281408,0.0155582640645294,-3.38202740557398,-3.32263913633459
"muasiint_Intercept",-3.12400965538424,0.0138178930749264,-3.15140410238853,-3.09622569624791
"muothint_Intercept",-5.58100716450989,0.0461672623148304,-5.67179611320243,-5.49430027882505
"mublackint_FloodStatus",-1.25803612393498,0.13900702598518,-1.54439806426196,-0.998978406029761
"muhispint_FloodStatus",-0.2010830059167,0.0873549304094991,-0.375377713824444,-0.0317486946496959
"muasiint_FloodStatus",-1.88956246520463,0.17690153534282,-2.24675689996899,-1.55774695958103
"muothint_FloodStatus",1.73112054448056,0.108721013416101,1.52141508199638,1.94742075993529
