"","Estimate","Est.Error","Q2.5","Q97.5"
"mublackint_Intercept",-4.27202571033075,0.0507002427656414,-4.3744220853724,-4.1750954611836
"muhispint_Intercept",-1.72832322669051,0.0162672052498724,-1.75997432380098,-1.69513224337191
"muasiint_Intercept",-5.07503548728042,0.0799687717636466,-5.23213162339148,-4.92309007942596
"muothint_Intercept",-6.10169198577402,0.124909355995947,-6.35745281764757,-5.86463081058786
"mublackint_FloodStatus",-1.59945172045668,0.386044962862765,-2.41090218945255,-0.919397590822789
"muhispint_FloodStatus",-0.827075473168326,0.0794911643513232,-0.980565571929679,-0.67132521279477
"muasiint_FloodStatus",-1.38949948020111,0.526269611626326,-2.54406307843533,-0.471923358331168
"muothint_FloodStatus",0.0715965947373741,0.449110124062253,-0.892477010498119,0.87933212801854
