"","Estimate","Est.Error","Q2.5","Q97.5"
"mublackint_Intercept",-4.21795978583962,0.0440048171859577,-4.30048130295025,-4.13221331119205
"muhispint_Intercept",-3.39235234071969,0.0305557879030591,-3.4505453634084,-3.33289114129379
"muasiint_Intercept",-4.78025130599535,0.0598929260905036,-4.89960245768175,-4.66462871369995
"muothint_Intercept",-3.38185451224472,0.0291058143451574,-3.43927843947801,-3.32553797578503
"mublackint_parcelfloodper",-0.952603171735107,0.315954707421412,-1.57800655039653,-0.347114608471789
"muhispint_parcelfloodper",-0.987537957677878,0.218487978011563,-1.40873561698136,-0.570313172859329
"muasiint_parcelfloodper",-0.36686359069443,0.38602990549004,-1.17697144423935,0.360878695347901
"muothint_parcelfloodper",-0.130618357977192,0.184003103419686,-0.510775513435673,0.222573912269636
