"","Estimate","Est.Error","Q2.5","Q97.5"
"muasiint_Intercept",1.78153758043174e+24,4.26616375888625e+25,-8.58867337540533e+25,6.56521402141591e+25
"muhispint_Intercept",7.25436405264512e+24,3.46849830538035e+25,-5.21752763383492e+25,9.45638336587021e+25
"muoth3int_Intercept",1.1197293516102e+24,2.55492338741966e+25,-7.00516747445292e+25,5.58478615971048e+25
"muasiint_parcelfloodper",-5.01394694358214e+24,1.2006661534754e+26,-1.84770925621808e+26,2.41719024583264e+26
"muhispint_parcelfloodper",-2.04166316045814e+25,9.7617174445835e+25,-2.66139794048889e+26,1.46841733904834e+26
"muoth3int_parcelfloodper",-3.1513584792214e+24,7.19055856589614e+25,-1.57177832247884e+26,1.97152944925822e+26
