"","Estimate","Est.Error","Q2.5","Q97.5"
"mublackint_Intercept",-6.26727059845611,0.535910475711653,-7.47559711051969,-5.36090951715992
"muhispint_Intercept",-4.16975704434156,0.184696969849966,-4.54791453688238,-3.82689437738591
"muasiint_Intercept",-6.61068278096052,0.627033226326847,-7.97174386724165,-5.57305932414024
"muothint_Intercept",-5.50909213660295,0.359808564009447,-6.27198023347931,-4.86251107213118
"mublackint_FloodStatus",1.65380228663524,0.692933848892274,0.338174656408689,3.10016267901302
"muhispint_FloodStatus",0.651083951184179,0.305121128180222,0.037928807962134,1.24657942037827
"muasiint_FloodStatus",1.55100113146842,0.83144135706857,-0.0976084811874435,3.17104068603401
"muothint_FloodStatus",0.126175259200117,0.716412321146548,-1.38493431432169,1.42107654584737
