"","Estimate","Est.Error","Q2.5","Q97.5"
"mublackint_Intercept",-2.09386726417536,0.00531577185812572,-2.10406075946965,-2.08340657799912
"muhispint_Intercept",-3.02699434037465,0.00849437725074343,-3.04363496814128,-3.01008636083806
"muasiint_Intercept",-2.8396196492615,0.00774839037690761,-2.85466925034321,-2.82441231555191
"muothint_Intercept",-5.40330208223472,0.0263301260626623,-5.4540367491936,-5.35271668739822
"mublackint_FloodStatus",-0.89706070372871,0.0283825837508475,-0.954030064235663,-0.84332473664234
"muhispint_FloodStatus",-0.115603288756526,0.0307937259735377,-0.176348504236176,-0.0553545045198299
"muasiint_FloodStatus",-1.04360600861349,0.0448976191927117,-1.13514958376101,-0.956725431207775
"muothint_FloodStatus",0.0113355815515511,0.0949279435037348,-0.178780193212563,0.196217965160197
