"","Estimate","Est.Error","Q2.5","Q97.5"
"munonwhint_Intercept",-5.51963119982361,0.538362807130296,-6.69693425762162,-4.59483626875619
"munonwhint_FloodStatus",1.93756464673837,0.607820541365911,0.849421317976079,3.23973930022083
