"","Estimate","Est.Error","Q2.5","Q97.5"
"mublackint_Intercept",-5.69337021787732,0.177952299359215,-6.0581912669172,-5.34546892953234
"muhispint_Intercept",-4.16586463549436,0.0803453815658471,-4.3212505865866,-4.01493590853909
"muasiint_Intercept",-5.7258840591256,0.177726956683102,-6.09777993635958,-5.39342323894047
"muothint_Intercept",-6.3073022560078,0.234282751467602,-6.79150921962573,-5.86458943271238
"mublackint_FloodStatus",1.09598151845063,0.196967546028337,0.722850362995126,1.49880603656265
"muhispint_FloodStatus",1.48702904079954,0.0879235041029583,1.31943457061171,1.65863891758163
"muasiint_FloodStatus",1.10445073708071,0.194498069803912,0.737247364287471,1.50658925831583
"muothint_FloodStatus",1.20904071432023,0.261426338055302,0.708407641382366,1.73067054826254
