"","Estimate","Est.Error","Q2.5","Q97.5"
"mublackint_Intercept",-3.15497268154453,0.00945919163755321,-3.17372846697577,-3.13641240306436
"muhispint_Intercept",-3.4720119497147,0.0112671486336728,-3.49404179817284,-3.44983914317897
"muasiint_Intercept",-4.12470715882013,0.0157104809928779,-4.15587943292176,-4.09382994597399
"muothint_Intercept",-3.54361885332074,0.0120058745472089,-3.56669991707491,-3.51939167166928
"mublackint_parcelfloodper",-4.26687212552172,0.244234119356336,-4.75569816839282,-3.80803933731386
"muhispint_parcelfloodper",-1.90209912940919,0.240009218359197,-2.38012185921783,-1.42049479405321
"muasiint_parcelfloodper",-1.83235160086754,0.332906292012712,-2.48301834866343,-1.19363024565348
"muothint_parcelfloodper",-2.33146215034757,0.248046129713848,-2.83125265295107,-1.85055513441481
