"","Estimate","Est.Error","Q2.5","Q97.5"
"mublackint_Intercept",-5.48803613547348,0.279987226737692,-6.05305529989988,-4.9752756522495
"muhispint_Intercept",0.931100878130141,0.0214465919143278,0.889975072113743,0.973544145150566
"muasiint_Intercept",-4.54195585615275,0.17809406953628,-4.89852435222094,-4.19468731323013
"muothint_Intercept",-4.18824693180706,0.147150106023066,-4.49329389345571,-3.9213739687191
"mublackint_parcelfloodper",7.5947089357683,4.83410951021646,-1.85467008658565,17.5242904541782
"muhispint_parcelfloodper",-52.0595189047961,1.20306050694485,-54.4772879816823,-49.7249448147838
"muasiint_parcelfloodper",-24.2745942570372,7.0166679728151,-39.470846897643,-11.8975848926611
"muothint_parcelfloodper",-1.78077326592596,3.08457069535339,-7.87567539372147,4.15899147227663
