"","Estimate","Est.Error","Q2.5","Q97.5"
"mublackint_Intercept",-2.39120202776749,0.0100065673343271,-2.41139191829992,-2.37150240258799
"muhispint_Intercept",-2.83227537897727,0.0117201961205299,-2.85530005414832,-2.809928459177
"muasiint_Intercept",-2.70822759056686,0.0115968844513088,-2.73107201337121,-2.68547794819576
"muothint_Intercept",-3.33607019915005,0.0144964717384937,-3.36446471059092,-3.3072761316365
"mublackint_parcelfloodper",-4.05129920906201,0.181967717023033,-4.41455427911215,-3.68709396643168
"muhispint_parcelfloodper",-0.087344780937683,0.15467053325207,-0.393611392456088,0.218333967038616
"muasiint_parcelfloodper",-8.60597573144572,0.312156459575972,-9.20918285581012,-8.00057687726573
"muothint_parcelfloodper",1.47502931904812,0.163613731467092,1.14621386621572,1.8097980761438
