"","FloodStatus","white","black","hisp","asi","oth"
"1",0,149229.693548059,24566.4872136962,10506.9567523366,9493.79287147673,6693.06961448738
"2",1,11119.3275205637,792.949809982695,622.617973516893,290.823826928284,386.280869014956
