"","FloodStatus","white","black","hisp","asi","oth"
"1",0,22151.4755633379,849.284429454414,746.876212316329,472.197228739728,531.166566269014
"2",1,89.5998441442972,1.92705166284462,0.335071353362034,1.27074778331804,1.86728505617812
