"","FloodStatus","white","black","hisp","asi","oth"
"1",0,143023.116055547,8406.78224152712,9075.86914231225,14963.8176082806,4620.4149524282
"2",1,5093.10500229991,89.1859242246912,335.059438204168,102.622456681994,133.027178589238
