"","FloodStatus","white","black","hisp","asi","oth"
"1",0,1684.95617705995,3.77867249667374,24.2523738902901,3.38800435916178,147.624772193923
"2",1,223.940190769396,1.87124101245895,3.88089210091415,0.11002829685185,10.1976478203794
