"","FloodStatus","white","black","hisp","asi","oth"
"1",0,15579.9942518725,238.519336324721,698.640001464369,117.859174373539,533.987235948138
"2",1,939.685085011494,12.766977798559,45.0847561145247,4.83218785417301,36.6309932212498
