"","FloodStatus","white","black","hisp","asi","oth"
"1",0,319726.356425294,37867.6892987014,21040.5429847245,62514.0695667544,11236.341724922
"2",1,12177.5914694369,888.943447840615,1039.97220782215,889.747460379497,398.745414591121
