"","FloodStatus","white","black","hisp","asi","oth"
"1",0,2910.12580523065,32.6270079710984,81.9187248494014,12.7647542394754,71.5637077093727
"2",1,626.098095290628,3.66667911072109,10.9755817867306,1.53105466147543,6.72858915044532
