"","FloodStatus","white","black","hisp","asi","oth"
"1",0,28844.1481753837,726.324870378567,14828.2164052825,325.882335303578,849.428213651687
"2",1,3852.34674909962,191.190052869445,5880.35314172403,41.3617074761901,345.748348853067
