"","FloodStatus","white","black","hisp","asi","oth"
"1",0,15980.7443674403,123.065219633511,3082.90875805372,80.5224312966322,257.759223575804
"2",1,1488.01620434865,10.7518069365755,234.214481806031,1.52158640869777,17.4959205000412
