"","FloodStatus","white","black","hisp","asi","oth"
"1",0,554.081586097259,3.49961885996752,4.18737323287042,0.422366149582887,14.8090556603203
"2",1,45.9227232501373,0,1.07727674986268,0,0
