"","FloodStatus","white","black","hisp","asi","oth"
"1",0,92355.7418368062,4471.35445313011,4852.12598235555,4507.19116511888,2325.58656264679
"2",1,2842.1818646292,74.5824562179535,114.862683656362,41.2926159909158,64.0803795300157
