"","FloodStatus","white","black","hisp","asi","oth"
"1",0,5488.72759902337,29.2322612133609,233.167135850382,39.9822485425389,148.890755370352
"2",1,1177.30250522614,8.66959825211252,89.8569669132261,21.4968207760062,44.6741088325107
