"","FloodStatus","white","black","hisp","asi","oth"
"1",0,24501.0631324299,329.779802999697,1878.77431097447,272.990284837338,534.392468744656
"2",1,6950.90329442743,99.6701339782845,920.894514452522,65.6042888125318,161.927768329233
