"","FloodStatus","white","black","hisp","asi","oth"
"1",0,15017.7828938997,427.86727439595,5738.59522898546,132.604068039296,323.150534679632
"2",1,453.184185117273,13.1538695753784,58.0612437187328,2.5445967689945,8.05610481962103
