"","FloodStatus","white","black","hisp","asi","oth"
"1",0,116895.78126205,4025.63085093536,3236.26713305017,1728.66809214794,3019.65266199604
"2",1,1921.23171330243,33.4206796265118,32.8316860223312,14.714397661026,37.8015233578982
