"","FloodStatus","white","black","hisp","asi","oth"
"1",0,8388.13167560899,71.4151042242105,1837.45081965831,45.0899760496612,147.912424430883
"2",1,286.515218764721,4.50280288793025,155.786681167647,0.38494572209888,6.81035145760226
