"","FloodStatus","white","black","hisp","asi","oth"
"1",0,8017.48314342426,69.923494368047,600.317094086924,26.7649522380862,537.511315882687
"2",1,1372.13125128738,8.04277288570822,402.158853002432,2.4372641718208,62.2298586526591
