"","FloodStatus","white","black","hisp","asi","oth"
"1",0,3360.11830509321,31.2676506294318,59.8078422325421,5.36357790030952,87.4426241445029
"2",1,203.851645181329,4.97693491254908,2.06777272272875,0.175268474728586,9.92837870866425
