"","FloodStatus","white","black","hisp","asi","oth"
"1",0,8667.40935145567,584.793250333739,7082.10890872818,259.150868164975,188.537621317439
"2",1,192.401409038327,15.4614167969461,111.869728937525,3.89479710414461,5.3726481230567
