"","FloodStatus","white","black","hisp","asi","oth"
"1",0,11370.752513722,260.292504323026,2038.03807267562,102.071282729654,197.845626522728
"2",1,907.931642666558,4.20387142390823,37.8032085990713,5.19949744909179,13.8617798613704
