"","FloodStatus","white","black","hisp","asi","oth"
"1",0,5823.68060495937,32.7076539701186,297.633848889078,17.7017252570793,152.276166924359
"2",1,577.138024055631,1.6400950276981,22.510466292402,0.520888220624077,16.1905264036443
