"","FloodStatus","white","black","hisp","asi","oth"
"1",0,41887.470247512,972.256185029603,1988.74840324442,1311.13788041048,1218.38728388509
"2",1,3273.44513532317,40.4637202684561,221.761573852592,57.0910008473534,68.2385697885223
