"","FloodStatus","white","black","hisp","asi","oth"
"1",0,4322.99853252993,35.6592945012422,99.1959524481706,26.1841221419203,75.962098378737
"2",1,5164.2242329901,86.2054948243626,227.077274099668,58.7907681172932,96.7022299685781
