"","FloodStatus","white","black","hisp","asi","oth"
"1",0,59476.8814258024,4487.42692386454,3283.65762246555,2946.41102639397,2079.62300152568
"2",1,2273.79387173188,66.1081775264031,109.006570346999,16.0981599784139,72.9932204162995
