"","FloodStatus","white","black","hisp","asi","oth"
"1",0,62872.8575040676,3657.01050530245,3026.33821203479,2094.89149375555,2358.90228487216
"2",1,234.876037981992,18.799583857231,11.5716317871632,4.73457932398969,6.01816704962429
