"","FloodStatus","white","black","hisp","asi","oth"
"1",0,828.044872194294,8.17739594251203,11.0414455942761,2.01932614785711,19.7169601210611
"2",1,437.050607056363,2.03320304664679,4.97273596371858,1.5786171788311,7.36483675444043
