"","FloodStatus","white","black","hisp","asi","oth"
"1",0,513.08433875078,0,9.68422815134145,0.970939265197698,2.26049383268124
"2",1,258.065636479567,0,2.31451905239871,1.41022115610322,3.20962331193138
