"","FloodStatus","white","black","hisp","asi","oth"
"1",0,972.941616847492,4.60389952648197,32.2323405210707,3.97807734541756,17.2440657595378
"2",1,326.676911343791,5.67982645608633,14.906800714977,1.31833668393608,8.4181248012098
