"","FloodStatus","white","black","hisp","asi","oth"
"1",0,11726.3618652671,126.452022641323,315.915067771602,88.2925211019906,337.97852322171
"2",1,7897.38734371517,140.656040767683,611.25923658055,75.9326286234105,331.764750259165
