"","FloodStatus","white","black","hisp","asi","oth"
"1",0,1751.5497347937,8.05970752914848,1653.53702161577,11.8879112547071,26.9656248066798
"2",1,101.204215818647,0.457068222140954,4.99406042653163,0.005879525437389,0.338776007243403
