"","FloodStatus","white","black","hisp","asi","oth"
"1",0,6313.99549862933,62.5438912088204,88.9397243966183,17.1578495641664,108.363036201063
"2",1,193.387947376417,0.043674177548195,0.715006790199564,0.537092738433935,2.31627891740147
